-- produto

INSERT INTO p6g1.perf.produto (preco, familiaolfativa, categoria, nome, marca, linha, tamanho, descricao, imagem, stock, destinatario, deleted) VALUES (75.25, 'Cítrico Masculino', 'Eau de Toilette', 'Wanted', 'AZZARO', 'Azzaro Wanted', 100, 'Azzaro Wanted é um tributo a uma nova forma de masculinidade livre e resplandecente. Uma eau de toilette amadeirada, cítrica e condimentada com um rasto cativante e elegante.', 'https://www.perfumesecompanhia.pt/fotos/produtos/3351500002696.jpg', 5, 'Homem', 0)
INSERT INTO p6g1.perf.produto (preco, familiaolfativa, categoria, nome, marca, linha, tamanho, descricao, imagem, stock, destinatario, deleted) VALUES (71.3, 'Amadeirado Masculino', 'Eau de Toilette', 'Wanted', 'AZZARO', 'Azzaro Wanted', 100, 'Azzaro Wanted é um tributo a uma nova forma de masculinidade livre e resplandecente. Uma eau de toilette amadeirada, cítrica e condimentada com um rasto cativante e elegante.', 'https://www.perfumesecompanhia.pt/fotos/produtos/3351500002696.jpg', 3, 'Homem', 0)
INSERT INTO p6g1.perf.produto (preco, familiaolfativa, categoria, nome, marca, linha, tamanho, descricao, imagem, stock, destinatario, deleted) VALUES (81.65, 'Amadeirado Masculino', 'Eau de Toilette', 'Pour Homme', 'AZZARO', 'Azzaro Pour Homme', 100, 'Azzaro Pour Homme é um perfume de sedução em estado puro, talhado pela elegância e pelo requinte italiano.', 'https://www.perfumesecompanhia.pt/fotos/produtos/3351500980543_1.jpg', 5, 'Homem', 0)
INSERT INTO p6g1.perf.produto (preco, categoria, nome, marca, linha, tamanho, descricao, imagem, stock, destinatario, deleted) VALUES (27.2, 'Deo Spray', 'Pour Homme', 'AZZARO', 'Azzaro Pour Homme', 150, 'Num gesto só, este spray oferece uma proteção eficaz de longa duração e uma sensação de frescura, durante todo o dia. ', 'https://www.perfumesecompanhia.pt/fotos/produtos/3351500002771_1.jpg', 4, 'Homem', 0)
INSERT INTO p6g1.perf.produto (preco, familiaolfativa, categoria, nome, marca, tamanho, descricao, imagem, stock, destinatario, deleted) VALUES (77.3, 'Floral Feminino', 'Eau de Parfum', '212 Vip Rosé', 'CAROLINA HERRERA', 50, 'Atrevida, sofisticada, sempre pronta para a acção de noite & dia, o NOVO 212 VIP ROSÉ Eau de Parfum introduz uma ainda maior sedução ao universo! ', 'https://www.perfumesecompanhia.pt/fotos/produtos/8411061777176.jpg', 10, 'Mulher', 0)
INSERT INTO p6g1.perf.produto (preco, categoria, nome, marca, linha, tamanho, descricao, imagem, stock, destinatario, deleted) VALUES (75.25, 'Eau de Toilette', 'Under The Pole', 'AZZARO', 'Azzaro Chrome', 100, 'A assinatura emblemática de Chrome —um acorde cítrico e amadeirado, ao qual se acrescenta um grande coração aquático, que inspira frescura e força — é reinterpretada numa fórmula original 100% sem álcool, substituído pela água. ', 'https://www.perfumesecompanhia.pt/fotos/produtos/3351500009756_1.jpg', 3, 'Homem', 0)
INSERT INTO p6g1.perf.produto (preco, familiaolfativa, categoria, nome, marca, linha, tamanho, descricao, imagem, stock, destinatario, deleted) VALUES (78.71, 'Oriental Masculino', 'Eau de Toilette', 'The Scent', 'HUGO BOSS', 'The Scent', 50, 'Uma fragrância irresistível e inesquecível como o sabor da sedução. Notas exclusivas de gengibre, Maninka e couro que se revelam ao longo do tempo, seduzindo os sentidos.', 'https://www.perfumesecompanhia.pt/fotos/produtos/0737052972268.jpg', 3, 'Homem', 0)
INSERT INTO p6g1.perf.produto (preco, familiaolfativa, categoria, nome, marca, linha, tamanho, descricao, imagem, stock, destinatario, deleted) VALUES (104.95, 'Oriental Masculino', 'Eau de Toilette', 'The Scent', 'HUGO BOSS', 'The Scent', 100, 'Uma fragrância irresistível e inesquecível como o sabor da sedução. Notas exclusivas de gengibre, Maninka e couro que se revelam ao longo do tempo, seduzindo os sentidos.', 'https://www.perfumesecompanhia.pt/fotos/produtos/0737052972268.jpg', 4, 'Homem', 0)
INSERT INTO p6g1.perf.produto (preco, familiaolfativa, categoria, nome, marca, linha, tamanho, descricao, imagem, stock, destinatario, deleted) VALUES (140.65, 'Oriental Masculino', 'Eau de Toilette', 'The Scent', 'HUGO BOSS', 'The Scent', 200, 'Uma fragrância irresistível e inesquecível como o sabor da sedução. Notas exclusivas de gengibre, Maninka e couro que se revelam ao longo do tempo, seduzindo os sentidos.', 'https://www.perfumesecompanhia.pt/fotos/produtos/0737052972268.jpg', 5, 'Homem', 0)
INSERT INTO p6g1.perf.produto (preco, familiaolfativa, categoria, nome, marca, linha, tamanho, descricao, imagem, stock, destinatario, deleted) VALUES (27.3, 'Oriental Masculino', 'Deo Stick', 'The Scent', 'HUGO BOSS', 'The Scent', 75, 'Uma fragrância irresistível e inesquecível como o sabor da sedução. Notas exclusivas de gengibre, Maninka e couro que se revelam ao longo do tempo, seduzindo os sentidos.', 'https://www.perfumesecompanhia.pt/fotos/produtos/0737052993546_1.jpg', 6, 'Homem', 0)
INSERT INTO p6g1.perf.produto (preco, familiaolfativa, categoria, nome, marca, linha, tamanho, descricao, imagem, stock, destinatario, deleted) VALUES (27.3, 'Oriental Masculino', 'Deo Spray', 'The Scent', 'HUGO BOSS', 'The Scent', 150, 'Uma fragrância irresistível e inesquecível como o sabor da sedução. Notas exclusivas de gengibre, Maninka e couro que se revelam ao longo do tempo, seduzindo os sentidos.', 'https://www.perfumesecompanhia.pt/fotos/produtos/0737052992785_1.jpg', 7, 'Homem', 0)
INSERT INTO p6g1.perf.produto (preco, categoria, nome, marca, linha, tamanho, imagem, stock, destinatario, deleted) VALUES (72.5, 'Eau de Toilette', 'Bad Boy', 'CAROLINA HERRERA', 'Bad Boy', 50, 'https://www.perfumesecompanhia.pt/fotos/produtos/8411061926093_1.jpg', 2, 'Mulher', 0)
INSERT INTO p6g1.perf.produto (preco, categoria, nome, marca, linha, tamanho, imagem, stock, destinatario, deleted) VALUES (47.5, 'Body Cream', 'Light Blue', 'DOLCE&GABBANA', 'Light Blue', 200, 'https://www.perfumesecompanhia.pt/fotos/produtos/3423473020219_1.jpg', 5, 'Mulher', 0)
INSERT INTO p6g1.perf.produto (preco, categoria, nome, marca, linha, imagem, stock, destinatario, deleted) VALUES (77.9, 'Coffret', 'The Scent', 'HUGO BOSS', 'The Scent', 'https://www.perfumesecompanhia.pt/fotos/produtos/3614229279337_1.jpg', 5, 'Homem', 0)
INSERT INTO p6g1.perf.produto (preco, categoria, nome, marca, linha, tamanho, imagem, stock, destinatario, deleted) VALUES (22.28, 'Eau de Toilette', 'Tommy', 'TOMMY HILFIGER', 'Tommy', 30, 'https://www.perfumesecompanhia.pt/fotos/produtos/0022548055373.jpg', 2, 'Homem', 0)
INSERT INTO p6g1.perf.produto (preco, categoria, nome, marca, linha, tamanho, imagem, stock, destinatario, deleted) VALUES (39.95, 'Eau de Toilette', 'Tommy', 'TOMMY HILFIGER', 'Tommy', 50, 'https://www.perfumesecompanhia.pt/fotos/produtos/0022548055373.jpg', 3, 'Homem', 0)
INSERT INTO p6g1.perf.produto (preco, categoria, nome, marca, linha, tamanho, imagem, stock, destinatario, deleted) VALUES (50.2, 'Eau de Toilette', 'Tommy', 'TOMMY HILFIGER', 'Tommy', 100, 'https://www.perfumesecompanhia.pt/fotos/produtos/0022548055373.jpg', 4, 'Homem', 0)
INSERT INTO p6g1.perf.produto (preco, categoria, nome, marca, linha, tamanho, imagem, stock, destinatario, deleted) VALUES (24, 'Anti-Perspirant Deodorant ', 'Tommy', 'TOMMY HILFIGER', 'Tommy', 75, 'https://www.perfumesecompanhia.pt/fotos/produtos/0022548024355_1.jpg', 2, 'Homem', 0)
INSERT INTO p6g1.perf.produto (preco, categoria, nome, marca, tamanho, imagem, stock, destinatario, deleted) VALUES (29.7, 'Eau de Toilette', 'Tommy Girl', 'TOMMY HILFIGER', 30, 'https://www.perfumesecompanhia.pt/fotos/produtos/0022548055380.jpg', 5, 'Mulher', 0)
INSERT INTO p6g1.perf.produto (preco, categoria, nome, marca, tamanho, imagem, stock, destinatario, deleted) VALUES (39.95, 'Eau de Toilette', 'Tommy Girl', 'TOMMY HILFIGER', 50, 'https://www.perfumesecompanhia.pt/fotos/produtos/0022548055380.jpg', 6, 'Mulher', 0)
INSERT INTO p6g1.perf.produto (preco, categoria, nome, marca, tamanho, descricao, imagem, stock, destinatario, deleted) VALUES (47.45, 'Eau de Cologne', 'Baby', 'TOUS', 100, 'Ninguém é mais espontâneo que os pequenos da casa. Eles e o seu mundo contagiam-nos de alegria e entusiasmo, delicadeza e ternura. Fazem-nos recordar nas memórias mais profundas, a criança que todos temos dentro de nós.', 'https://www.perfumesecompanhia.pt/fotos/produtos/8436038831125.jpg', 4, 'Criança', 0)
INSERT INTO p6g1.perf.produto (preco, familiaolfativa, categoria, nome, marca, tamanho, descricao, imagem, stock, destinatario, deleted) VALUES (43, 'Floral Feminino', 'Eau de Senteur', 'Bébé', 'JACADI', 100, 'Perfume sem alcool para bébé (a partir dos 3 meses). Unisexo', 'https://www.perfumesecompanhia.pt/fotos/produtos/7613107400012_1.jpg', 5, 'Criança', 0)
INSERT INTO p6g1.perf.produto (preco, categoria, nome, marca, tamanho, imagem, stock, deleted) VALUES (38.65, 'Desmaquilhante Olhos', 'Bi-Facil', 'LANCÔME', 125, 'https://www.perfumesecompanhia.pt/fotos/produtos/3147758030334.jpg', 6, 0)
INSERT INTO p6g1.perf.produto (preco, categoria, nome, marca, tamanho, descricao, imagem, stock, deleted) VALUES (22, 'Tónico de Banho', 'Corpo', 'CLARINS', 200, 'Para transformar cada cm² da sua pele e a tornar mais lisa e bela - mais tonificada, mais fina e maravilhosamente nutrida. ', 'https://www.perfumesecompanhia.pt/fotos/produtos/3380810667103.jpg', 1, 0)
INSERT INTO p6g1.perf.produto (preco, categoria, nome, marca, tamanho, imagem, stock, deleted) VALUES (32.95, 'Cuidados de Pés', 'Bálsamo de Pés', 'GAMILA SECRET', 100, 'https://www.perfumesecompanhia.pt/fotos/produtos/8717625545688_1.jpg', 3, 0)

--promoção

INSERT INTO p6g1.perf.promocao (nome, desconto, datainicio, datafim) VALUES ('Azzaro', 5, '2020-03-24 06:30:50.000', '2020-07-24 06:30:50.000')
INSERT INTO p6g1.perf.promocao (nome, desconto, datainicio, datafim) VALUES ('Natal', 15, '2020-12-20 06:30:50.000', '2020-12-25 06:30:50.000')
INSERT INTO p6g1.perf.promocao (nome, desconto, datainicio, datafim) VALUES ('Black Weekend', 25, '2020-11-27 00:00:00.000', '2020-11-29 06:30:50.000')
INSERT INTO p6g1.perf.promocao (nome, desconto, datainicio, datafim) VALUES ('Hugo Boss', 7, '2020-02-22 00:00:00.001', '2020-11-29 06:30:50.001')
INSERT INTO p6g1.perf.promocao (nome, desconto, datainicio, datafim) VALUES ('Carolina Herrera', 10, '2020-03-27 00:00:00.002', '2020-11-29 06:30:50.002')
INSERT INTO p6g1.perf.promocao (nome, desconto, datainicio, datafim) VALUES ('Tommy Hilfiger', 10, '2020-04-27 00:00:00.003', '2020-11-29 06:30:50.003')
INSERT INTO p6g1.perf.promocao (nome, desconto, datainicio, datafim) VALUES ('Dia da Mãe', 12, '2021-05-01 00:00:00.003', '2021-05-04 00:00:00.003')
INSERT INTO p6g1.perf.promocao (nome, desconto, datainicio, datafim) VALUES ('Dia dos Namorados', 14, '2021-02-10 00:00:00.003', '2021-02-15 00:00:00.003')
INSERT INTO p6g1.perf.promocao (nome, desconto, datainicio, datafim) VALUES ('Dia do Pai', 9, '2021-03-17 00:00:00.003', '2021-03-20 00:00:00.003')
INSERT INTO p6g1.perf.promocao (nome, desconto, datainicio, datafim) VALUES ('Páscoa', 11, '2021-04-10 00:00:00.003', '2021-04-13 00:00:00.003')

--cupão

INSERT INTO p6g1.perf.cupao (id, datainicio, datafim, pontos_atribuidos) VALUES ('INICIOVERA', '2020-07-24 06:30:50.000', '2020-08-24 06:30:50.000', 50)
INSERT INTO p6g1.perf.cupao (id, datainicio, datafim, pontos_atribuidos) VALUES ('FIMVERAO20', '2020-09-24 06:30:50.000', '2020-10-24 06:30:50.000', 150)
INSERT INTO p6g1.perf.cupao (id, datainicio, datafim, pontos_atribuidos) VALUES ('ASTRGDEW32', '2019-07-24 06:30:50.000', '2020-08-24 06:30:50.000', 50)
INSERT INTO p6g1.perf.cupao (id, datainicio, datafim, pontos_atribuidos) VALUES ('YD60RJR24P', '2020-03-24 06:30:50.000', '2022-08-24 06:30:50.000', 200)
INSERT INTO p6g1.perf.cupao (id, datainicio, datafim, pontos_atribuidos) VALUES ('5VMGOKER2V', '2020-10-24 02:30:50.000', '2020-11-24 06:30:50.000', 50)
INSERT INTO p6g1.perf.cupao (id, datainicio, datafim, pontos_atribuidos) VALUES ('JCZTWIBT7D', '2023-07-24 10:30:50.000', '2025-08-24 06:30:50.000', 300)
INSERT INTO p6g1.perf.cupao (id, datainicio, datafim, pontos_atribuidos) VALUES ('FU37L2GRMQ', '2021-07-24 06:30:50.000', '2022-08-24 06:30:50.000', 400)
INSERT INTO p6g1.perf.cupao (id, datainicio, datafim, pontos_atribuidos) VALUES ('C69RTAUFQJ', '2020-07-24 00:30:50.000', '2020-08-30 06:30:50.000', 150)
INSERT INTO p6g1.perf.cupao (id, datainicio, datafim, pontos_atribuidos) VALUES ('WIHKFJ8VVH', '2020-12-24 06:30:50.000', '2021-01-24 06:30:50.000', 2000)
INSERT INTO p6g1.perf.cupao (id, datainicio, datafim, pontos_atribuidos) VALUES ('JCZTW2BT7D', '2020-02-24 06:30:50.000', '2025-08-24 06:30:50.000', 50)
INSERT INTO p6g1.perf.cupao (id, datainicio, datafim, pontos_atribuidos) VALUES ('1U37L2GRMQ', '2020-01-24 06:30:50.000', '2022-08-24 06:30:50.000', 100)

--utilizador (cliente e funcionario)

DECLARE @responseMessage VARCHAR(250);
        EXEC perf.RegisterFunc @email='franciscopereira@gmail.com', @contribuinte='287567665', @fname='Francisco', @lname='Pereira', @password='fpereira10', @sexo=1, @dataNasc='1987-05-08', @foto='https://images.pexels.com/photos/220453/pexels-photo-220453.jpeg', @administrator=0, @salario=700, @responseMessage = @responseMessage OUTPUT;
        SELECT @responseMessage AS rm;

        EXEC perf.RegisterClient @email='joseferreira@hotmail.pt', @contribuinte='457253189', @fname='José', @lname='Ferreira', @password='zeferreira01', @sexo=1, @dataNasc='1994-02-03', @foto='https://images.pexels.com/photos/736716/pexels-photo-736716.jpeg', @pontos=50, @newsletter=0, @pagamento='MasterCard', @responseMessage = @responseMessage OUTPUT;
        SELECT @responseMessage AS rm;

        EXEC perf.RegisterFunc @email='beatrizsantos_01@outlook.com', @contribuinte='998232166', @fname='Beatriz', @lname='Santos', @password='beaSantos!', @sexo=0, @dataNasc='2002-01-23', @foto='https://images.pexels.com/photos/733872/pexels-photo-733872.jpeg',  @administrator=2, @salario=1200, @responseMessage = @responseMessage OUTPUT;
        SELECT @responseMessage AS rm;

        EXEC perf.RegisterClient @email='pedrofernandes230@gmail.com', @contribuinte='397543100', @fname='Pedro', @lname='Fernandes', @password='pedrito02', @sexo=1, @dataNasc='1998-12-06', @foto='https://images.pexels.com/photos/594610/pexels-photo-594610.jpeg', @pontos=0, @newsletter=0, @pagamento='Paypal', @responseMessage = @responseMessage OUTPUT;
        SELECT @responseMessage AS rm;

        EXEC perf.RegisterClient @email='antonio_ze@gmail.com', @contribuinte='302167890', @fname='Antonio', @lname='Silva', @password='Antonioze2', @sexo=1, @dataNasc='1960-11-04', @foto='https://images.pexels.com/photos/1138903/pexels-photo-1138903.jpeg', @pontos=100, @newsletter=0, @pagamento='Visa', @responseMessage = @responseMessage OUTPUT;
        SELECT @responseMessage AS rm;

        EXEC perf.RegisterClient @email='carolinasilva09@hotmail.com', @contribuinte='592165320', @fname='Carolina', @lname='Silva', @password='carolSilvaaa', @sexo=0, @dataNasc='1995-09-14', @foto='https://images.pexels.com/photos/774909/pexels-photo-774909.jpeg', @pontos=100, @newsletter=1, @pagamento='Visa', @responseMessage = @responseMessage OUTPUT;
        SELECT @responseMessage AS rm;

        EXEC perf.RegisterClient @email='sofiabarbosa@live.pt', @contribuinte='943212111', @fname='Sofia', @lname='Barbosa', @password='sofiBarbosa', @sexo=0, @dataNasc='1999-05-12', @foto='https://images.pexels.com/photos/1036622/pexels-photo-1036622.jpeg', @pontos=0, @newsletter=0, @pagamento='MB Way', @responseMessage = @responseMessage OUTPUT;
        SELECT @responseMessage AS rm;

        EXEC perf.RegisterClient @email='sarapereiraa5@gmail.pt', @contribuinte='123222985', @fname='Sara', @lname='Pereira', @password='SaraaPer1', @sexo=0, @dataNasc='2005-12-22', @foto='https://images.pexels.com/photos/1239291/pexels-photo-1239291.jpeg', @pontos=200, @newsletter=1, @pagamento='Paypal', @responseMessage = @responseMessage OUTPUT;
        SELECT @responseMessage AS rm;

        EXEC perf.RegisterClient @email='pipamoreira@gmail.com', @contribuinte='445976504', @fname='Filipa', @lname='Moreira', @password='pipamor', @sexo=0, @dataNasc='1990-07-07', @foto='https://images.pexels.com/photos/415829/pexels-photo-415829.jpeg', @pontos=150, @newsletter=1, @pagamento='MB Way', @responseMessage = @responseMessage OUTPUT;
        SELECT @responseMessage AS rm;

        EXEC perf.RegisterClient @email='beazinha@hotmail.com', @contribuinte='455129988', @fname='Beatriz', @lname='Ferreira', @password='beazinha', @sexo=0, @dataNasc='2000-05-05', @foto='https://images.pexels.com/photos/1858175/pexels-photo-1858175.jpeg', @pontos=50, @newsletter=0, @pagamento='MasterCard', @responseMessage = @responseMessage OUTPUT;
        SELECT @responseMessage AS rm;

        EXEC perf.RegisterClient @email='alexandraneves@gmail.com', @contribuinte='178495829', @fname='Alexandra', @lname='Neves', @password='aneves2004', @sexo=0, @dataNasc='2004-10-06', @foto='https://images.pexels.com/photos/1065084/pexels-photo-1065084.jpeg?auto=compress&cs=tinysrgb&dpr=3&h=750&w=1260', @pontos=100, @newsletter=0, @pagamento='Visa', @responseMessage = @responseMessage OUTPUT;
        SELECT @responseMessage AS rm;

        EXEC perf.RegisterClient @email='carlosa24@outmail.com', @contribuinte='125873530', @fname='Carlos', @lname='Amorim', @password='carlosa24', @sexo=1, @dataNasc='1972-06-24', @foto='https://images.pexels.com/photos/1300402/pexels-photo-1300402.jpeg', @pontos=0, @newsletter=1, @pagamento='Paypal', @responseMessage = @responseMessage OUTPUT;
        SELECT @responseMessage AS rm;

        EXEC perf.RegisterFunc @email='adrialmeida08@live.pt', @contribuinte='573975939', @fname='Adriana', @lname='Almeida', @password='adri08', @sexo=0, @dataNasc='1999-02-08', @foto='https://images.pexels.com/photos/1130626/pexels-photo-1130626.jpeg',  @administrator=1, @salario=850, @responseMessage = @responseMessage OUTPUT;
        SELECT @responseMessage AS rm;

        EXEC perf.RegisterClient @email='anagonçalves1985@gmail.com', @contribuinte='258759872', @fname='Ana', @lname='Gonçalves', @password='ana1985', @sexo=0, @dataNasc='1985-01-20', @foto='https://images.pexels.com/photos/1587009/pexels-photo-1587009.jpeg', @pontos=250, @newsletter=0, @pagamento='MB Way', @responseMessage = @responseMessage OUTPUT;
        SELECT @responseMessage AS rm;

        EXEC perf.RegisterClient @email='aliceamaral1@hotmail.com', @contribuinte='287352385', @fname='Alice', @lname='Amaral', @password='amaralice', @sexo=0, @dataNasc='2000-05-01', @foto='https://images.pexels.com/photos/712513/pexels-photo-712513.jpeg', @pontos=0, @newsletter=1, @pagamento='MB Way', @responseMessage = @responseMessage OUTPUT;
        SELECT @responseMessage AS rm;

        EXEC perf.RegisterClient @email='afonsomelooo@outlook.com', @contribuinte='821358756', @fname='Afonso', @lname='Melo', @password='melooo15', @sexo=1, @dataNasc='1989-09-15', @foto='https://images.pexels.com/photos/374044/pexels-photo-374044.jpeg', @pontos=0, @newsletter=1, @pagamento='MB Way', @responseMessage = @responseMessage OUTPUT;
        SELECT @responseMessage AS rm;

        EXEC perf.RegisterClient @email='andralves@gmail.com', @contribuinte='602941753', @fname='André', @lname='Alves', @password='Andralves', @sexo=1, @dataNasc='2002-02-02', @foto='https://images.pexels.com/photos/1384219/pexels-photo-1384219.jpeg', @pontos=50, @newsletter=0, @pagamento='Paypal', @responseMessage = @responseMessage OUTPUT;
        SELECT @responseMessage AS rm;

        EXEC perf.RegisterClient @email='alexandrelima25@hotmail.com', @contribuinte='219589974', @fname='Alexandre', @lname='Lima', @password='alexxlima', @sexo=1, @dataNasc='1965-12-25', @foto='https://images.pexels.com/photos/834863/pexels-photo-834863.jpeg', @pontos=100, @newsletter=1, @pagamento='Visa', @responseMessage = @responseMessage OUTPUT;
        SELECT @responseMessage AS rm;

        EXEC perf.RegisterClient @email='anitinhasousa@live.pt', @contribuinte='476638927', @fname='Anita', @lname='Sousa', @password='anitinha1', @sexo=0, @dataNasc='1998-03-14', @foto='https://images.pexels.com/photos/709802/pexels-photo-709802.jpeg', @pontos=0, @newsletter=1, @pagamento='MasterCard', @responseMessage = @responseMessage OUTPUT;
        SELECT @responseMessage AS rm;

        EXEC perf.RegisterClient @email='paulomatos31@gmail.com', @contribuinte='593967351', @fname='Paulo', @lname='Matos', @password='pauloo', @sexo=1, @dataNasc='1979-05-31', @foto='https://images.pexels.com/photos/1222271/pexels-photo-1222271.jpeg', @pontos=0, @newsletter=1, @pagamento='Visa', @responseMessage = @responseMessage OUTPUT;
        SELECT @responseMessage AS rm;

        EXEC perf.RegisterFunc @email='Criscosta@outlook.com', @contribuinte='129885782', @fname='Cristiana', @lname='Costa', @password='cris16', @sexo=0, @dataNasc='1970-10-16', @foto='https://images.pexels.com/photos/247322/pexels-photo-247322.jpeg',  @administrator=0, @salario=750, @responseMessage = @responseMessage OUTPUT;
        SELECT @responseMessage AS rm;

--contacto

INSERT INTO p6g1.perf.contacto (utilizador_email, telemovel, visibilidade, codigo_postal, pais, endereco, localidade) VALUES ('pipamoreira@gmail.com', '914363252', 0, '3780-548', 'Portugal', 'Rua das Palmeiras', 'Tamengos')
INSERT INTO p6g1.perf.contacto (utilizador_email, telemovel, visibilidade, codigo_postal, pais, endereco, apartamento, localidade) VALUES ('franciscopereira@gmail.com', '924763965', 1, '3810-082', 'Portugal', 'Avenida 5 de Outubro', 'Nº9', 'Aveiro')
INSERT INTO p6g1.perf.contacto (utilizador_email, telemovel, visibilidade, codigo_postal, pais, endereco, apartamento, localidade) VALUES ('pedrofernandes230@gmail.com', '914274915', 1, '4750-765', 'Portugal', 'Rua do Rego', 'Nº5', 'Ucha')
INSERT INTO p6g1.perf.contacto (utilizador_email, telemovel, visibilidade, codigo_postal, pais, endereco, apartamento, localidade) VALUES ('beazinha@hotmail.com', '964829602', 1, '4705-475', 'Portugal', 'Rua dos Azinhais', 'Nº6', 'Esporões')
INSERT INTO p6g1.perf.contacto (utilizador_email, telemovel, visibilidade, codigo_postal, pais, endereco, apartamento, localidade) VALUES ('beatrizsantos_01@outlook.com', '935502152', 0, '4715-475', 'Portugal', 'Rua do Souto', 'Nº5, 2º Esquerdo', 'Pedralva')
INSERT INTO p6g1.perf.contacto (utilizador_email, telemovel, visibilidade, codigo_postal, pais, endereco, apartamento, localidade) VALUES ('adrialmeida08@live.pt', '914628560', 0, '2650-476', 'Portugal', 'Rua Olival de Cambra', 'Nº2, 3º Esquerdo', 'Amadora')
INSERT INTO p6g1.perf.contacto (utilizador_email, telemovel, visibilidade, codigo_postal, pais, endereco, apartamento, localidade) VALUES ('Criscosta@outlook.com', '963926453', 0, '4420-133', 'Portugal', 'Rua Doutor Lopes Cardoso', 'Nº 3', 'Gondomar')
INSERT INTO p6g1.perf.contacto (utilizador_email, telemovel, visibilidade, codigo_postal, pais, endereco, apartamento, localidade) VALUES ('carlosa24@outmail.com', '921547935', 1, '4635-265', 'Portugal', 'Rua de Lenteiros', 'Nº 5, 3º Direito', 'Santo Isidoro MCN')
INSERT INTO p6g1.perf.contacto (utilizador_email, telemovel, visibilidade, codigo_postal, pais, endereco, apartamento, localidade) VALUES ('anagonçalves1985@gmail.com', '918426539', 1, '4455-110', 'Portugal', 'Travessa Francisco dos Santos', 'Nº 3', 'Lavra')
INSERT INTO p6g1.perf.contacto (utilizador_email, telemovel, visibilidade, codigo_postal, pais, endereco, apartamento, localidade) VALUES ('aliceamaral1@hotmail.com', '963159731', 1, '4580-294', 'Portugal', 'Rua dos Agreões', 'Nº 7', 'Paredes')
INSERT INTO p6g1.perf.contacto (utilizador_email, telemovel, visibilidade, codigo_postal, pais, endereco, localidade) VALUES ('andralves@gmail.com', '936267422', 1, '4575-366', 'Portugal', 'Rua de Penidelo', 'Pinheiro PNF')
INSERT INTO p6g1.perf.contacto (utilizador_email, telemovel, visibilidade, codigo_postal, pais, endereco, apartamento, localidade) VALUES ('paulomatos31@gmail.com', '926375015', 1, '2240-512', 'Portugal', 'Travessa da Capela', 'Nº3, 5º Direito', 'Paio Mendes')
INSERT INTO p6g1.perf.contacto (utilizador_email, telemovel, visibilidade, codigo_postal, pais, endereco, apartamento, localidade) VALUES ('sarapereiraa5@gmail.pt', '963216832', 0, '2810-168', 'Portugal', 'Rua Doutor António Elvas', 'BMP 1, 3º Esquerdo', 'Almada')
INSERT INTO p6g1.perf.contacto (utilizador_email, telemovel, visibilidade, codigo_postal, pais, endereco, localidade) VALUES ('sofiabarbosa@live.pt', '915392054', 0, '2855-727', 'Portugal', 'Praça José Queluz', 'Corroios')
INSERT INTO p6g1.perf.contacto (utilizador_email, telemovel, visibilidade, codigo_postal, pais, endereco, apartamento, localidade) VALUES ('antonio_ze@gmail.com', '964667921', 0, '2855-713', 'Portugal', 'Rua Mário Castrim', 'Nº 5', 'Corroios')
INSERT INTO p6g1.perf.contacto (utilizador_email, telemovel, visibilidade, codigo_postal, pais, endereco, apartamento, localidade) VALUES ('carolinasilva09@hotmail.com', '962468333', 0, '4925-345', 'Portugal', 'Rua de Lamelas', 'Nº 7', 'Cardielos')
INSERT INTO p6g1.perf.contacto (utilizador_email, telemovel, visibilidade, codigo_postal, pais, endereco, apartamento, localidade) VALUES ('andralves@gmail.com', '925488312', 0, '5460-335', 'Portugal', 'Rua Doutor João Chaves', 'Nº 4', 'Boticas')
INSERT INTO p6g1.perf.contacto (utilizador_email, telemovel, visibilidade, codigo_postal, pais, endereco, localidade) VALUES ('alexandrelima25@hotmail.com', '915424675', 0, '5110-012', 'Portugal', 'Rua do Bairro Novo', 'Aldeias AMM')
INSERT INTO p6g1.perf.contacto (utilizador_email, telemovel, visibilidade, codigo_postal, pais, endereco, apartamento, localidade) VALUES ('anitinhasousa@live.pt', '963215352', 1, '3750-864', 'Portugal', 'Travessa do Amaínho', 'Nº 2', 'Borralha')
INSERT INTO p6g1.perf.contacto (utilizador_email, telemovel, visibilidade, codigo_postal, pais, endereco, localidade) VALUES ('pipamoreira@gmail.com', '924583100', 1, '3750-492', 'Portugal', 'Travessa dos Agueiros', 'Fermentelos')

--compra

INSERT INTO p6g1.perf.compra (contribuinte, datacompra, pagamento, clienteemail, pontosgastos, pontosacumulados) VALUES ('397543100', '2020-03-24 06:30:50.000', 'Paypal', 'pedrofernandes230@gmail.com', 0, 5)
INSERT INTO p6g1.perf.compra (contribuinte, datacompra, pagamento, clienteemail, pontosgastos, pontosacumulados) VALUES ('258759872', '2020-03-24 10:30:50.000', 'MB Way', 'anagonçalves1985@gmail.com', 0, 0)
INSERT INTO p6g1.perf.compra (contribuinte, datacompra, pagamento, clienteemail, pontosgastos, pontosacumulados) VALUES ('457253189', '2020-03-25 06:30:50.000', 'MasterCard', 'joseferreira@hotmail.pt', 0, 0)
INSERT INTO p6g1.perf.compra (contribuinte, datacompra, pagamento, clienteemail, pontosgastos, pontosacumulados) VALUES ('302167890', '2020-03-25 22:30:50.000', 'Visa', 'antonio_ze@gmail.com', 0, 0)
INSERT INTO p6g1.perf.compra (contribuinte, datacompra, pagamento, clienteemail, pontosgastos, pontosacumulados) VALUES ('592165320', '2020-03-26 06:30:50.000', 'Visa', 'carolinasilva09@hotmail.com', 0, 0)
INSERT INTO p6g1.perf.compra (contribuinte, datacompra, pagamento, clienteemail, pontosgastos, pontosacumulados) VALUES ('592165320', '2020-03-27 06:30:50.000', 'Visa', 'carolinasilva09@hotmail.com', 0, 0)
INSERT INTO p6g1.perf.compra (contribuinte, datacompra, pagamento, clienteemail, pontosgastos, pontosacumulados) VALUES ('592165320', '2020-03-28 06:30:50.000', 'Visa', 'carolinasilva09@hotmail.com', 0, 10)
INSERT INTO p6g1.perf.compra (contribuinte, datacompra, pagamento, clienteemail, pontosgastos, pontosacumulados) VALUES ('457253189', '2020-03-28 06:31:50.001', 'MasterCard', 'joseferreira@hotmail.pt', 50, 0)
INSERT INTO p6g1.perf.compra (contribuinte, datacompra, pagamento, clienteemail, pontosgastos, pontosacumulados) VALUES ('476638927', '2020-03-28 06:31:52.002', 'MasterCard', 'anitinhasousa@live.pt', 0, 0)
INSERT INTO p6g1.perf.compra (contribuinte, datacompra, pagamento, clienteemail, pontosgastos, pontosacumulados) VALUES ('476638927', '2020-03-28 06:32:50.003', 'MasterCard', 'anitinhasousa@live.pt', 0, 0)
INSERT INTO p6g1.perf.compra (contribuinte, datacompra, pagamento, clienteemail, pontosgastos, pontosacumulados) VALUES ('258759872', '2020-03-30 06:30:50.000', 'MB Way', 'anagonçalves1985@gmail.com', 0, 30)
INSERT INTO p6g1.perf.compra (contribuinte, datacompra, pagamento, clienteemail, pontosgastos, pontosacumulados) VALUES ('258759872', '2020-04-01 06:30:50.000', 'MB Way', 'anagonçalves1985@gmail.com', 0, 0)
INSERT INTO p6g1.perf.compra (contribuinte, datacompra, pagamento, clienteemail, pontosgastos, pontosacumulados) VALUES ('258759872', '2020-04-01 07:30:50.000', 'MB Way', 'anagonçalves1985@gmail.com', 0, 40)
INSERT INTO p6g1.perf.compra (contribuinte, datacompra, pagamento, clienteemail, pontosgastos, pontosacumulados) VALUES ('397543100', '2020-04-01 07:40:50.001', 'Paypal', 'pedrofernandes230@gmail.com', 20, 0)
INSERT INTO p6g1.perf.compra (contribuinte, datacompra, pagamento, clienteemail, pontosgastos, pontosacumulados) VALUES ('602941753', '2020-04-01 07:50:50.002', 'Paypal', 'andralves@gmail.com', 100, 0)

--serviço

INSERT INTO p6g1.perf.servico (tipo, preco) VALUES ('Depilação', 45.5)
INSERT INTO p6g1.perf.servico (tipo, preco) VALUES ('Sobrancelhas', 7.5)
INSERT INTO p6g1.perf.servico (tipo, preco) VALUES ('Axilas', 12.8)
INSERT INTO p6g1.perf.servico (tipo, preco) VALUES ('Máscara de Rosto', 9.5)
INSERT INTO p6g1.perf.servico (tipo, preco) VALUES ('Manicure', 15)
INSERT INTO p6g1.perf.servico (tipo, preco) VALUES ('Pedicure', 10)
INSERT INTO p6g1.perf.servico (tipo, preco) VALUES ('Fotodepilação', 85)
INSERT INTO p6g1.perf.servico (tipo, preco) VALUES ('Massagem Costas', 35.7)
INSERT INTO p6g1.perf.servico (tipo, preco) VALUES ('Pressoterapia', 24.5)
INSERT INTO p6g1.perf.servico (tipo, preco) VALUES ('Tratamento anti-celulite', 47)
INSERT INTO p6g1.perf.servico (tipo, preco) VALUES ('Lifting Pestanas', 14.99)
INSERT INTO p6g1.perf.servico (tipo, preco) VALUES ('Maquilhagem', 17.9)
INSERT INTO p6g1.perf.servico (tipo, preco) VALUES ('Verniz gel', 13)
INSERT INTO p6g1.perf.servico (tipo, preco) VALUES ('Gel', 19.99)
INSERT INTO p6g1.perf.servico (tipo, preco) VALUES ('Acrílico', 25.15)
INSERT INTO p6g1.perf.servico (tipo, preco) VALUES ('Massagem Rosto', 23)
INSERT INTO p6g1.perf.servico (tipo, preco) VALUES ('Drenagem Linfática', 67.9)
INSERT INTO p6g1.perf.servico (tipo, preco) VALUES ('Peeling Corporal', 20.15)
INSERT INTO p6g1.perf.servico (tipo, preco) VALUES ('Limpeza de pele', 71)

--cliente_usa_cupao

INSERT INTO p6g1.perf.cliente_usa_cupao (cliente_email, cupao_id) VALUES ('joseferreira@hotmail.pt', 'JCZTW2BT7D')
INSERT INTO p6g1.perf.cliente_usa_cupao (cliente_email, cupao_id) VALUES ('antonio_ze@gmail.com', '1U37L2GRMQ')
INSERT INTO p6g1.perf.cliente_usa_cupao (cliente_email, cupao_id) VALUES ('carolinasilva09@hotmail.com', '1U37L2GRMQ')
INSERT INTO p6g1.perf.cliente_usa_cupao (cliente_email, cupao_id) VALUES ('sarapereiraa5@gmail.pt', 'YD60RJR24P')
INSERT INTO p6g1.perf.cliente_usa_cupao (cliente_email, cupao_id) VALUES ('pipamoreira@gmail.com', 'JCZTW2BT7D')
INSERT INTO p6g1.perf.cliente_usa_cupao (cliente_email, cupao_id) VALUES ('pipamoreira@gmail.com', '1U37L2GRMQ')
INSERT INTO p6g1.perf.cliente_usa_cupao (cliente_email, cupao_id) VALUES ('beazinha@hotmail.com', 'JCZTW2BT7D')
INSERT INTO p6g1.perf.cliente_usa_cupao (cliente_email, cupao_id) VALUES ('alexandraneves@gmail.com', '1U37L2GRMQ')
INSERT INTO p6g1.perf.cliente_usa_cupao (cliente_email, cupao_id) VALUES ('anagonçalves1985@gmail.com', 'YD60RJR24P')
INSERT INTO p6g1.perf.cliente_usa_cupao (cliente_email, cupao_id) VALUES ('anagonçalves1985@gmail.com', 'JCZTW2BT7D')
INSERT INTO p6g1.perf.cliente_usa_cupao (cliente_email, cupao_id) VALUES ('andralves@gmail.com', 'JCZTW2BT7D')
INSERT INTO p6g1.perf.cliente_usa_cupao (cliente_email, cupao_id) VALUES ('alexandrelima25@hotmail.com', '1U37L2GRMQ')

--clientefavorita

INSERT INTO p6g1.perf.clientefavorita (clienteemail, produtoid) VALUES ('beazinha@hotmail.com', 4)
INSERT INTO p6g1.perf.clientefavorita (clienteemail, produtoid) VALUES ('alexandraneves@gmail.com', 5)
INSERT INTO p6g1.perf.clientefavorita (clienteemail, produtoid) VALUES ('carlosa24@outmail.com', 6)
INSERT INTO p6g1.perf.clientefavorita (clienteemail, produtoid) VALUES ('anagonçalves1985@gmail.com', 7)
INSERT INTO p6g1.perf.clientefavorita (clienteemail, produtoid) VALUES ('aliceamaral1@hotmail.com', 12)
INSERT INTO p6g1.perf.clientefavorita (clienteemail, produtoid) VALUES ('afonsomelooo@outlook.com', 13)
INSERT INTO p6g1.perf.clientefavorita (clienteemail, produtoid) VALUES ('andralves@gmail.com', 14)
INSERT INTO p6g1.perf.clientefavorita (clienteemail, produtoid) VALUES ('alexandrelima25@hotmail.com', 15)
INSERT INTO p6g1.perf.clientefavorita (clienteemail, produtoid) VALUES ('anitinhasousa@live.pt', 3)
INSERT INTO p6g1.perf.clientefavorita (clienteemail, produtoid) VALUES ('paulomatos31@gmail.com', 4)
INSERT INTO p6g1.perf.clientefavorita (clienteemail, produtoid) VALUES ('afonsomelooo@outlook.com', 5)
INSERT INTO p6g1.perf.clientefavorita (clienteemail, produtoid) VALUES ('anagonçalves1985@gmail.com', 6)
INSERT INTO p6g1.perf.clientefavorita (clienteemail, produtoid) VALUES ('beazinha@hotmail.com', 16)
INSERT INTO p6g1.perf.clientefavorita (clienteemail, produtoid) VALUES ('carlosa24@outmail.com', 18)
INSERT INTO p6g1.perf.clientefavorita (clienteemail, produtoid) VALUES ('beazinha@hotmail.com', 20)

--produto_tem_promocao

INSERT INTO p6g1.perf.produto_tem_promocao (produtoid, promocaoid) VALUES ( 1, 1)
INSERT INTO p6g1.perf.produto_tem_promocao (produtoid, promocaoid) VALUES ( 2, 1)
INSERT INTO p6g1.perf.produto_tem_promocao (produtoid, promocaoid) VALUES ( 3, 1)
INSERT INTO p6g1.perf.produto_tem_promocao (produtoid, promocaoid) VALUES ( 4, 1)
INSERT INTO p6g1.perf.produto_tem_promocao (produtoid, promocaoid) VALUES ( 6, 1)
INSERT INTO p6g1.perf.produto_tem_promocao (produtoid, promocaoid) VALUES ( 5, 5)
INSERT INTO p6g1.perf.produto_tem_promocao (produtoid, promocaoid) VALUES ( 12, 5)
INSERT INTO p6g1.perf.produto_tem_promocao (produtoid, promocaoid) VALUES ( 7, 4)
INSERT INTO p6g1.perf.produto_tem_promocao (produtoid, promocaoid) VALUES ( 8, 4)
INSERT INTO p6g1.perf.produto_tem_promocao (produtoid, promocaoid) VALUES ( 9, 4)
INSERT INTO p6g1.perf.produto_tem_promocao (produtoid, promocaoid) VALUES ( 10, 4)
INSERT INTO p6g1.perf.produto_tem_promocao (produtoid, promocaoid) VALUES ( 11, 4)
INSERT INTO p6g1.perf.produto_tem_promocao (produtoid, promocaoid) VALUES ( 14, 4)

-- cosmética

INSERT INTO p6g1.perf.cosmetica (id, tipo) VALUES ( 23, 'Rosto')
INSERT INTO p6g1.perf.cosmetica (id, tipo) VALUES ( 24, 'Corpo')
INSERT INTO p6g1.perf.cosmetica (id, tipo) VALUES ( 25, 'Mãos e Pés')

--perfume

INSERT INTO p6g1.perf.perfume (id) VALUES ( 1)
INSERT INTO p6g1.perf.perfume (id) VALUES ( 2)
INSERT INTO p6g1.perf.perfume (id) VALUES ( 3)
INSERT INTO p6g1.perf.perfume (id) VALUES ( 4)
INSERT INTO p6g1.perf.perfume (id) VALUES ( 5)
INSERT INTO p6g1.perf.perfume (id) VALUES ( 6)
INSERT INTO p6g1.perf.perfume (id) VALUES ( 7)
INSERT INTO p6g1.perf.perfume (id) VALUES ( 8)
INSERT INTO p6g1.perf.perfume (id) VALUES ( 9)
INSERT INTO p6g1.perf.perfume (id) VALUES ( 10)
INSERT INTO p6g1.perf.perfume (id) VALUES ( 11)
INSERT INTO p6g1.perf.perfume (id) VALUES ( 12)
INSERT INTO p6g1.perf.perfume (id) VALUES ( 13)
INSERT INTO p6g1.perf.perfume (id) VALUES ( 14)
INSERT INTO p6g1.perf.perfume (id) VALUES ( 15)
INSERT INTO p6g1.perf.perfume (id) VALUES ( 16)
INSERT INTO p6g1.perf.perfume (id) VALUES ( 17)
INSERT INTO p6g1.perf.perfume (id) VALUES ( 18)
INSERT INTO p6g1.perf.perfume (id) VALUES ( 19)
INSERT INTO p6g1.perf.perfume (id) VALUES ( 20)
INSERT INTO p6g1.perf.perfume (id) VALUES ( 21)
INSERT INTO p6g1.perf.perfume (id) VALUES ( 22)

--compra_presencial

INSERT INTO p6g1.perf.compra_presencial (numero, funcemail) VALUES ( 1, 'Criscosta@outlook.com')
INSERT INTO p6g1.perf.compra_presencial (numero, funcemail) VALUES ( 4, 'franciscopereira@gmail.com')
INSERT INTO p6g1.perf.compra_presencial (numero, funcemail) VALUES ( 5, 'Criscosta@outlook.com')
INSERT INTO p6g1.perf.compra_presencial (numero, funcemail) VALUES ( 9, 'Criscosta@outlook.com')
INSERT INTO p6g1.perf.compra_presencial (numero, funcemail) VALUES ( 12, 'franciscopereira@gmail.com')
INSERT INTO p6g1.perf.compra_presencial (numero, funcemail) VALUES ( 13, 'adrialmeida08@live.pt')

--compra_online

INSERT INTO p6g1.perf.compra_online (numero, rating, rastreamento, presente, contactoid) VALUES ( 2, '4', 'hWvk5n2S5YBwS08wHRO9', 1, 1)
INSERT INTO p6g1.perf.compra_online (numero, presente, contactoid) VALUES ( 3, 0, 4)
INSERT INTO p6g1.perf.compra_online (numero, rating, rastreamento, presente, contactoid) VALUES ( 6, '3', '8cfd8bwW2hR4cAxxkDTC', 0, 12)
INSERT INTO p6g1.perf.compra_online (numero, rating, observacao, presente, contactoid) VALUES ( 7, '5', 'Muito bom produto!', 0, 3)
INSERT INTO p6g1.perf.compra_online (numero, rating, observacao, presente, contactoid) VALUES ( 8, '4', 'Poderia ter sido mais rapido a ser entregue', 0, 7)
INSERT INTO p6g1.perf.compra_online (numero, presente, contactoid) VALUES ( 10, 1, 20)
INSERT INTO p6g1.perf.compra_online (numero, presente, contactoid) VALUES ( 11, 0, 11)
INSERT INTO p6g1.perf.compra_online (numero, rating, observacao, rastreamento, presente, contactoid) VALUES ( 14, '5', 'Bom produto e rápida entrega', 'pbFcSarhTbZqz5wTk7mk', 1, 1)
INSERT INTO p6g1.perf.compra_online (numero, presente, contactoid) VALUES ( 15, 0, 2)

--compra_tem_produto

INSERT INTO p6g1.perf.compra_tem_produto (compranumero, produtoid, unidades) VALUES ( 1, 13, 2)
INSERT INTO p6g1.perf.compra_tem_produto (compranumero, produtoid, unidades) VALUES ( 2, 7, 1)
INSERT INTO p6g1.perf.compra_tem_produto (compranumero, produtoid, unidades) VALUES ( 2, 2, 1)
INSERT INTO p6g1.perf.compra_tem_produto (compranumero, produtoid, unidades) VALUES ( 2, 3, 1)
INSERT INTO p6g1.perf.compra_tem_produto (compranumero, produtoid, unidades) VALUES ( 3, 6, 2)
INSERT INTO p6g1.perf.compra_tem_produto (compranumero, produtoid, unidades) VALUES ( 4, 8, 1)
INSERT INTO p6g1.perf.compra_tem_produto (compranumero, produtoid, unidades) VALUES ( 4, 20, 1)
INSERT INTO p6g1.perf.compra_tem_produto (compranumero, produtoid, unidades) VALUES ( 4, 14, 2)
INSERT INTO p6g1.perf.compra_tem_produto (compranumero, produtoid, unidades) VALUES ( 4, 10, 3)
INSERT INTO p6g1.perf.compra_tem_produto (compranumero, produtoid, unidades) VALUES ( 5, 1, 2)
INSERT INTO p6g1.perf.compra_tem_produto (compranumero, produtoid, unidades) VALUES ( 6, 8, 2)
INSERT INTO p6g1.perf.compra_tem_produto (compranumero, produtoid, unidades) VALUES ( 7, 3, 3)
INSERT INTO p6g1.perf.compra_tem_produto (compranumero, produtoid, unidades) VALUES ( 8, 23, 1)
INSERT INTO p6g1.perf.compra_tem_produto (compranumero, produtoid, unidades) VALUES ( 9, 11, 2)
INSERT INTO p6g1.perf.compra_tem_produto (compranumero, produtoid, unidades) VALUES ( 10, 23, 3)
INSERT INTO p6g1.perf.compra_tem_produto (compranumero, produtoid, unidades) VALUES ( 11, 21, 4)
INSERT INTO p6g1.perf.compra_tem_produto (compranumero, produtoid, unidades) VALUES ( 12, 15, 2)
INSERT INTO p6g1.perf.compra_tem_produto (compranumero, produtoid, unidades) VALUES ( 13, 13, 1)
INSERT INTO p6g1.perf.compra_tem_produto (compranumero, produtoid, unidades) VALUES ( 14, 1, 2)
INSERT INTO p6g1.perf.compra_tem_produto (compranumero, produtoid, unidades) VALUES ( 15, 3, 3)

--funcionario_faz_servico

INSERT INTO p6g1.perf.funcionario_faz_servico (funcionario_email, servico_id, duracao_media) VALUES ('franciscopereira@gmail.com', 1, 90)
INSERT INTO p6g1.perf.funcionario_faz_servico (funcionario_email, servico_id, duracao_media) VALUES ('franciscopereira@gmail.com', 3, 25)
INSERT INTO p6g1.perf.funcionario_faz_servico (funcionario_email, servico_id, duracao_media) VALUES ('franciscopereira@gmail.com', 4, 10)
INSERT INTO p6g1.perf.funcionario_faz_servico (funcionario_email, servico_id, duracao_media) VALUES ('franciscopereira@gmail.com', 7, 55)
INSERT INTO p6g1.perf.funcionario_faz_servico (funcionario_email, servico_id, duracao_media) VALUES ('franciscopereira@gmail.com', 8, 15)
INSERT INTO p6g1.perf.funcionario_faz_servico (funcionario_email, servico_id, duracao_media) VALUES ('franciscopereira@gmail.com', 9, 75)
INSERT INTO p6g1.perf.funcionario_faz_servico (funcionario_email, servico_id, duracao_media) VALUES ('franciscopereira@gmail.com', 11, 5)
INSERT INTO p6g1.perf.funcionario_faz_servico (funcionario_email, servico_id, duracao_media) VALUES ('franciscopereira@gmail.com', 19, 120)
INSERT INTO p6g1.perf.funcionario_faz_servico (funcionario_email, servico_id, duracao_media) VALUES ('Criscosta@outlook.com', 1, 80)
INSERT INTO p6g1.perf.funcionario_faz_servico (funcionario_email, servico_id, duracao_media) VALUES ('Criscosta@outlook.com', 2, 30)
INSERT INTO p6g1.perf.funcionario_faz_servico (funcionario_email, servico_id, duracao_media) VALUES ('Criscosta@outlook.com', 3, 30)
INSERT INTO p6g1.perf.funcionario_faz_servico (funcionario_email, servico_id, duracao_media) VALUES ('Criscosta@outlook.com', 5, 35)
INSERT INTO p6g1.perf.funcionario_faz_servico (funcionario_email, servico_id, duracao_media) VALUES ('Criscosta@outlook.com', 6, 20)
INSERT INTO p6g1.perf.funcionario_faz_servico (funcionario_email, servico_id, duracao_media) VALUES ('Criscosta@outlook.com', 10, 25)
INSERT INTO p6g1.perf.funcionario_faz_servico (funcionario_email, servico_id, duracao_media) VALUES ('Criscosta@outlook.com', 12, 20)
INSERT INTO p6g1.perf.funcionario_faz_servico (funcionario_email, servico_id, duracao_media) VALUES ('Criscosta@outlook.com', 13, 30)
INSERT INTO p6g1.perf.funcionario_faz_servico (funcionario_email, servico_id, duracao_media) VALUES ('Criscosta@outlook.com', 15, 20)
INSERT INTO p6g1.perf.funcionario_faz_servico (funcionario_email, servico_id, duracao_media) VALUES ('Criscosta@outlook.com', 18, 55)
INSERT INTO p6g1.perf.funcionario_faz_servico (funcionario_email, servico_id, duracao_media) VALUES ('Criscosta@outlook.com', 19, 120)
INSERT INTO p6g1.perf.funcionario_faz_servico (funcionario_email, servico_id, duracao_media) VALUES ('adrialmeida08@live.pt', 14, 40)
INSERT INTO p6g1.perf.funcionario_faz_servico (funcionario_email, servico_id, duracao_media) VALUES ('adrialmeida08@live.pt', 16, 5)
INSERT INTO p6g1.perf.funcionario_faz_servico (funcionario_email, servico_id, duracao_media) VALUES ('adrialmeida08@live.pt', 17, 25)
INSERT INTO p6g1.perf.funcionario_faz_servico (funcionario_email, servico_id, duracao_media) VALUES ('adrialmeida08@live.pt', 18, 60)
INSERT INTO p6g1.perf.funcionario_faz_servico (funcionario_email, servico_id, duracao_media) VALUES ('adrialmeida08@live.pt', 19, 120)
INSERT INTO p6g1.perf.funcionario_faz_servico (funcionario_email, servico_id, duracao_media) VALUES ('beatrizsantos_01@outlook.com', 1, 60)
INSERT INTO p6g1.perf.funcionario_faz_servico (funcionario_email, servico_id, duracao_media) VALUES ('beatrizsantos_01@outlook.com', 2, 20)
INSERT INTO p6g1.perf.funcionario_faz_servico (funcionario_email, servico_id, duracao_media) VALUES ('beatrizsantos_01@outlook.com', 3, 15)
INSERT INTO p6g1.perf.funcionario_faz_servico (funcionario_email, servico_id, duracao_media) VALUES ('beatrizsantos_01@outlook.com', 4, 8)
INSERT INTO p6g1.perf.funcionario_faz_servico (funcionario_email, servico_id, duracao_media) VALUES ('beatrizsantos_01@outlook.com', 5, 20)
INSERT INTO p6g1.perf.funcionario_faz_servico (funcionario_email, servico_id, duracao_media) VALUES ('beatrizsantos_01@outlook.com', 6, 15)
INSERT INTO p6g1.perf.funcionario_faz_servico (funcionario_email, servico_id, duracao_media) VALUES ('beatrizsantos_01@outlook.com', 7, 30)
INSERT INTO p6g1.perf.funcionario_faz_servico (funcionario_email, servico_id, duracao_media) VALUES ('beatrizsantos_01@outlook.com', 8, 15)
INSERT INTO p6g1.perf.funcionario_faz_servico (funcionario_email, servico_id, duracao_media) VALUES ('beatrizsantos_01@outlook.com', 9, 40)
INSERT INTO p6g1.perf.funcionario_faz_servico (funcionario_email, servico_id, duracao_media) VALUES ('beatrizsantos_01@outlook.com', 10, 25)
INSERT INTO p6g1.perf.funcionario_faz_servico (funcionario_email, servico_id, duracao_media) VALUES ('beatrizsantos_01@outlook.com', 11, 5)
INSERT INTO p6g1.perf.funcionario_faz_servico (funcionario_email, servico_id, duracao_media) VALUES ('beatrizsantos_01@outlook.com', 12, 15)
INSERT INTO p6g1.perf.funcionario_faz_servico (funcionario_email, servico_id, duracao_media) VALUES ('beatrizsantos_01@outlook.com', 13, 25)
INSERT INTO p6g1.perf.funcionario_faz_servico (funcionario_email, servico_id, duracao_media) VALUES ('beatrizsantos_01@outlook.com', 14, 30)
INSERT INTO p6g1.perf.funcionario_faz_servico (funcionario_email, servico_id, duracao_media) VALUES ('beatrizsantos_01@outlook.com', 15, 15)
INSERT INTO p6g1.perf.funcionario_faz_servico (funcionario_email, servico_id, duracao_media) VALUES ('beatrizsantos_01@outlook.com', 16, 5)
INSERT INTO p6g1.perf.funcionario_faz_servico (funcionario_email, servico_id, duracao_media) VALUES ('beatrizsantos_01@outlook.com', 17, 25)
INSERT INTO p6g1.perf.funcionario_faz_servico (funcionario_email, servico_id, duracao_media) VALUES ('beatrizsantos_01@outlook.com', 18, 45)
INSERT INTO p6g1.perf.funcionario_faz_servico (funcionario_email, servico_id, duracao_media) VALUES ('beatrizsantos_01@outlook.com', 19, 120)

--marcacao

INSERT INTO p6g1.perf.marcacao (cliente_email, servico_id, funcionario_email, dataMarc) VALUES ('joseferreira@hotmail.pt', 1, 'franciscopereira@gmail.com', '2020-05-15 16:30:00')
INSERT INTO p6g1.perf.marcacao (cliente_email, servico_id, funcionario_email, dataMarc) VALUES ('antonio_ze@gmail.com', 12, 'Criscosta@outlook.com', '2020-06-14 09:30:00')
INSERT INTO p6g1.perf.marcacao (cliente_email, servico_id, funcionario_email, dataMarc) VALUES ('aliceamaral1@hotmail.com', 16, 'Criscosta@outlook.com', '2020-05-11 19:00:00')
INSERT INTO p6g1.perf.marcacao (cliente_email, servico_id, funcionario_email, dataMarc) VALUES ('paulomatos31@gmail.com', 3, 'adrialmeida08@live.pt', '2020-06-03 15:00:00')
INSERT INTO p6g1.perf.marcacao (cliente_email, servico_id, funcionario_email, dataMarc) VALUES ('alexandrelima25@hotmail.com', 9, 'franciscopereira@gmail.com', '2020-07-02 11:30:00')
INSERT INTO p6g1.perf.marcacao (cliente_email, servico_id, funcionario_email, dataMarc) VALUES ('joseferreira@hotmail.pt', 4, 'Criscosta@outlook.com', '2020-05-17 17:30:00')
INSERT INTO p6g1.perf.marcacao (cliente_email, servico_id, funcionario_email, dataMarc) VALUES ('alexandrelima25@hotmail.com', 19, 'franciscopereira@gmail.com', '2020-05-23 14:15:00')



